{
    "directed": false,
    "graph": [],
    "links": [
        {
            "source": 0,
            "target": 117,
            "weight": 0.999
        },
        {
            "source": 1,
            "target": 118,
            "weight": 0.998
        },
        {
            "source": 2,
            "target": 119,
            "weight": 0.994
        },
        {
            "source": 3,
            "target": 120,
            "weight": 0.993
        },
        {
            "source": 4,
            "target": 100,
            "weight": 0.993
        },
        {
            "source": 5,
            "target": 120,
            "weight": 0.993
        },
        {
            "source": 6,
            "target": 100,
            "weight": 0.993
        },
        {
            "source": 7,
            "target": 3,
            "weight": 0.993
        },
        {
            "source": 8,
            "target": 121,
            "weight": 0.976
        },
        {
            "source": 9,
            "target": 122,
            "weight": 0.971
        },
        {
            "source": 10,
            "target": 58,
            "weight": 0.961
        },
        {
            "source": 11,
            "target": 18,
            "weight": 0.96
        },
        {
            "source": 12,
            "target": 123,
            "weight": 0.958
        },
        {
            "source": 13,
            "target": 48,
            "weight": 0.954
        },
        {
            "source": 14,
            "target": 124,
            "weight": 0.944
        },
        {
            "source": 15,
            "target": 125,
            "weight": 0.929
        },
        {
            "source": 16,
            "target": 2,
            "weight": 0.891
        },
        {
            "source": 17,
            "target": 126,
            "weight": 0.872
        },
        {
            "source": 18,
            "target": 127,
            "weight": 0.868
        },
        {
            "source": 19,
            "target": 36,
            "weight": 0.864
        },
        {
            "source": 20,
            "target": 128,
            "weight": 0.864
        },
        {
            "source": 20,
            "target": 22,
            "weight": 0.863
        },
        {
            "source": 21,
            "target": 129,
            "weight": 0.861
        },
        {
            "source": 22,
            "target": 128,
            "weight": 0.86
        },
        {
            "source": 23,
            "target": 130,
            "weight": 0.859
        },
        {
            "source": 24,
            "target": 131,
            "weight": 0.854
        },
        {
            "source": 25,
            "target": 12,
            "weight": 0.848
        },
        {
            "source": 11,
            "target": 127,
            "weight": 0.846
        },
        {
            "source": 25,
            "target": 123,
            "weight": 0.833
        },
        {
            "source": 26,
            "target": 132,
            "weight": 0.829
        },
        {
            "source": 27,
            "target": 1,
            "weight": 0.829
        },
        {
            "source": 28,
            "target": 133,
            "weight": 0.828
        },
        {
            "source": 29,
            "target": 86,
            "weight": 0.827
        },
        {
            "source": 30,
            "target": 134,
            "weight": 0.827
        },
        {
            "source": 23,
            "target": 135,
            "weight": 0.827
        },
        {
            "source": 31,
            "target": 136,
            "weight": 0.827
        },
        {
            "source": 32,
            "target": 137,
            "weight": 0.826
        },
        {
            "source": 33,
            "target": 138,
            "weight": 0.825
        },
        {
            "source": 34,
            "target": 139,
            "weight": 0.823
        },
        {
            "source": 35,
            "target": 37,
            "weight": 0.817
        },
        {
            "source": 36,
            "target": 140,
            "weight": 0.815
        },
        {
            "source": 2,
            "target": 140,
            "weight": 0.81
        },
        {
            "source": 37,
            "target": 141,
            "weight": 0.808
        },
        {
            "source": 38,
            "target": 142,
            "weight": 0.802
        },
        {
            "source": 39,
            "target": 143,
            "weight": 0.801
        },
        {
            "source": 14,
            "target": 40,
            "weight": 0.8
        },
        {
            "source": 40,
            "target": 124,
            "weight": 0.8
        },
        {
            "source": 41,
            "target": 144,
            "weight": 0.798
        },
        {
            "source": 42,
            "target": 145,
            "weight": 0.791
        },
        {
            "source": 24,
            "target": 146,
            "weight": 0.789
        },
        {
            "source": 43,
            "target": 16,
            "weight": 0.787
        },
        {
            "source": 19,
            "target": 147,
            "weight": 0.774
        },
        {
            "source": 4,
            "target": 86,
            "weight": 0.757
        },
        {
            "source": 44,
            "target": 144,
            "weight": 0.752
        },
        {
            "source": 45,
            "target": 148,
            "weight": 0.745
        },
        {
            "source": 46,
            "target": 149,
            "weight": 0.744
        },
        {
            "source": 47,
            "target": 149,
            "weight": 0.742
        },
        {
            "source": 27,
            "target": 118,
            "weight": 0.74
        },
        {
            "source": 48,
            "target": 150,
            "weight": 0.734
        },
        {
            "source": 49,
            "target": 151,
            "weight": 0.723
        },
        {
            "source": 50,
            "target": 152,
            "weight": 0.72
        },
        {
            "source": 51,
            "target": 153,
            "weight": 0.72
        },
        {
            "source": 52,
            "target": 154,
            "weight": 0.717
        },
        {
            "source": 26,
            "target": 155,
            "weight": 0.715
        },
        {
            "source": 49,
            "target": 145,
            "weight": 0.711
        },
        {
            "source": 53,
            "target": 156,
            "weight": 0.692
        },
        {
            "source": 54,
            "target": 157,
            "weight": 0.692
        },
        {
            "source": 55,
            "target": 131,
            "weight": 0.68
        },
        {
            "source": 7,
            "target": 120,
            "weight": 0.667
        },
        {
            "source": 56,
            "target": 158,
            "weight": 0.663
        },
        {
            "source": 24,
            "target": 159,
            "weight": 0.638
        },
        {
            "source": 57,
            "target": 160,
            "weight": 0.608
        },
        {
            "source": 58,
            "target": 132,
            "weight": 0.593
        },
        {
            "source": 59,
            "target": 60,
            "weight": 0.588
        },
        {
            "source": 60,
            "target": 161,
            "weight": 0.584
        },
        {
            "source": 61,
            "target": 21,
            "weight": 0.579
        },
        {
            "source": 62,
            "target": 48,
            "weight": 0.577
        },
        {
            "source": 63,
            "target": 146,
            "weight": 0.559
        },
        {
            "source": 64,
            "target": 63,
            "weight": 0.559
        },
        {
            "source": 65,
            "target": 144,
            "weight": 0.558
        },
        {
            "source": 66,
            "target": 162,
            "weight": 0.552
        },
        {
            "source": 67,
            "target": 163,
            "weight": 0.549
        },
        {
            "source": 49,
            "target": 164,
            "weight": 0.548
        },
        {
            "source": 43,
            "target": 2,
            "weight": 0.54
        },
        {
            "source": 68,
            "target": 165,
            "weight": 0.54
        },
        {
            "source": 69,
            "target": 166,
            "weight": 0.539
        },
        {
            "source": 70,
            "target": 167,
            "weight": 0.537
        },
        {
            "source": 71,
            "target": 168,
            "weight": 0.534
        },
        {
            "source": 72,
            "target": 169,
            "weight": 0.534
        },
        {
            "source": 73,
            "target": 170,
            "weight": 0.529
        },
        {
            "source": 0,
            "target": 58,
            "weight": 0.525
        },
        {
            "source": 74,
            "target": 171,
            "weight": 0.525
        },
        {
            "source": 75,
            "target": 172,
            "weight": 0.521
        },
        {
            "source": 76,
            "target": 165,
            "weight": 0.517
        },
        {
            "source": 77,
            "target": 173,
            "weight": 0.501
        },
        {
            "source": 46,
            "target": 0,
            "weight": 0.499
        },
        {
            "source": 78,
            "target": 161,
            "weight": 0.498
        },
        {
            "source": 26,
            "target": 58,
            "weight": 0.492
        },
        {
            "source": 79,
            "target": 174,
            "weight": 0.484
        },
        {
            "source": 80,
            "target": 175,
            "weight": 0.476
        },
        {
            "source": 81,
            "target": 176,
            "weight": 0.474
        },
        {
            "source": 60,
            "target": 132,
            "weight": 0.472
        },
        {
            "source": 82,
            "target": 58,
            "weight": 0.472
        },
        {
            "source": 65,
            "target": 177,
            "weight": 0.472
        },
        {
            "source": 29,
            "target": 178,
            "weight": 0.472
        },
        {
            "source": 20,
            "target": 179,
            "weight": 0.472
        },
        {
            "source": 83,
            "target": 86,
            "weight": 0.472
        },
        {
            "source": 26,
            "target": 0,
            "weight": 0.472
        },
        {
            "source": 84,
            "target": 180,
            "weight": 0.472
        },
        {
            "source": 4,
            "target": 93,
            "weight": 0.472
        },
        {
            "source": 0,
            "target": 100,
            "weight": 0.472
        },
        {
            "source": 85,
            "target": 181,
            "weight": 0.472
        },
        {
            "source": 86,
            "target": 182,
            "weight": 0.472
        },
        {
            "source": 87,
            "target": 60,
            "weight": 0.472
        },
        {
            "source": 83,
            "target": 183,
            "weight": 0.47
        },
        {
            "source": 88,
            "target": 58,
            "weight": 0.469
        },
        {
            "source": 86,
            "target": 184,
            "weight": 0.467
        },
        {
            "source": 89,
            "target": 185,
            "weight": 0.465
        },
        {
            "source": 26,
            "target": 186,
            "weight": 0.465
        },
        {
            "source": 90,
            "target": 157,
            "weight": 0.457
        },
        {
            "source": 91,
            "target": 10,
            "weight": 0.455
        },
        {
            "source": 92,
            "target": 186,
            "weight": 0.454
        },
        {
            "source": 19,
            "target": 149,
            "weight": 0.454
        },
        {
            "source": 93,
            "target": 187,
            "weight": 0.453
        },
        {
            "source": 94,
            "target": 188,
            "weight": 0.451
        },
        {
            "source": 50,
            "target": 189,
            "weight": 0.448
        },
        {
            "source": 95,
            "target": 190,
            "weight": 0.442
        },
        {
            "source": 96,
            "target": 191,
            "weight": 0.442
        },
        {
            "source": 65,
            "target": 179,
            "weight": 0.441
        },
        {
            "source": 97,
            "target": 123,
            "weight": 0.439
        },
        {
            "source": 4,
            "target": 192,
            "weight": 0.437
        },
        {
            "source": 98,
            "target": 161,
            "weight": 0.436
        },
        {
            "source": 96,
            "target": 83,
            "weight": 0.435
        },
        {
            "source": 99,
            "target": 60,
            "weight": 0.434
        },
        {
            "source": 93,
            "target": 86,
            "weight": 0.433
        },
        {
            "source": 100,
            "target": 193,
            "weight": 0.428
        },
        {
            "source": 50,
            "target": 194,
            "weight": 0.426
        },
        {
            "source": 20,
            "target": 195,
            "weight": 0.423
        },
        {
            "source": 101,
            "target": 196,
            "weight": 0.421
        },
        {
            "source": 19,
            "target": 192,
            "weight": 0.419
        },
        {
            "source": 102,
            "target": 197,
            "weight": 0.418
        },
        {
            "source": 20,
            "target": 198,
            "weight": 0.418
        },
        {
            "source": 39,
            "target": 199,
            "weight": 0.416
        },
        {
            "source": 46,
            "target": 111,
            "weight": 0.416
        },
        {
            "source": 103,
            "target": 200,
            "weight": 0.416
        },
        {
            "source": 104,
            "target": 192,
            "weight": 0.415
        },
        {
            "source": 93,
            "target": 192,
            "weight": 0.414
        },
        {
            "source": 65,
            "target": 201,
            "weight": 0.413
        },
        {
            "source": 105,
            "target": 155,
            "weight": 0.413
        },
        {
            "source": 106,
            "target": 108,
            "weight": 0.413
        },
        {
            "source": 107,
            "target": 120,
            "weight": 0.413
        },
        {
            "source": 86,
            "target": 192,
            "weight": 0.412
        },
        {
            "source": 108,
            "target": 118,
            "weight": 0.413
        },
        {
            "source": 109,
            "target": 202,
            "weight": 0.413
        },
        {
            "source": 110,
            "target": 203,
            "weight": 0.412
        },
        {
            "source": 111,
            "target": 66,
            "weight": 0.413
        },
        {
            "source": 23,
            "target": 204,
            "weight": 0.411
        },
        {
            "source": 112,
            "target": 146,
            "weight": 0.41
        },
        {
            "source": 82,
            "target": 183,
            "weight": 0.41
        },
        {
            "source": 47,
            "target": 205,
            "weight": 0.407
        },
        {
            "source": 113,
            "target": 201,
            "weight": 0.407
        },
        {
            "source": 20,
            "target": 197,
            "weight": 0.407
        },
        {
            "source": 114,
            "target": 199,
            "weight": 0.406
        },
        {
            "source": 114,
            "target": 100,
            "weight": 0.405
        },
        {
            "source": 80,
            "target": 206,
            "weight": 0.404
        },
        {
            "source": 115,
            "target": 2,
            "weight": 0.404
        },
        {
            "source": 116,
            "target": 1,
            "weight": 0.404
        },
        {
            "source": 5,
            "target": 157,
            "weight": 0.402
        },
        {
            "source": 46,
            "target": 207,
            "weight": 0.4
        }
    ],
    "multigraph": false,
    "nodes": [
        {
            "Description": "presenilin 1 ",
            "id": "ENSG00000080815",
            "label": "PSEN1"
        },
        {
            "Description": "cyclin D3 ",
            "id": "ENSG00000112576",
            "label": "CCND3"
        },
        {
            "Description": "syntaxin 4 ",
            "id": "ENSG00000103496",
            "label": "STX4"
        },
        {
            "Description": "lysosomal associated membrane protein 1 ",
            "id": "ENSG00000185896",
            "label": "LAMP1"
        },
        {
            "Description": "YES proto-oncogene 1, Src family tyrosine kinase ",
            "id": "ENSG00000176105",
            "label": "YES1"
        },
        {
            "Description": "lysosomal associated membrane protein 2 ",
            "id": "ENSG00000005893",
            "label": "LAMP2"
        },
        {
            "Description": "FER tyrosine kinase ",
            "id": "ENSG00000151422",
            "label": "FER"
        },
        {
            "Description": "NPR3 like, GATOR1 complex subunit ",
            "id": "ENSG00000103148",
            "label": "NPRL3"
        },
        {
            "Description": "UDP-N-acetylglucosamine pyrophosphorylase 1 like 1 ",
            "id": "ENSG00000197355",
            "label": "UAP1L1"
        },
        {
            "Description": "protein tyrosine phosphatase type IVA, member 2 ",
            "id": "ENSG00000184007",
            "label": "PTP4A2"
        },
        {
            "Description": "recombination signal binding protein for immunoglobulin kappa J region ",
            "id": "ENSG00000168214",
            "label": "RBPJ"
        },
        {
            "Description": "collagen type IX alpha 2 chain ",
            "id": "ENSG00000049089",
            "label": "COL9A2"
        },
        {
            "Description": "SWI/SNF related, matrix associated, actin dependent regulator of chromatin, subfamily a, member 2 ",
            "id": "ENSG00000080503",
            "label": "SMARCA2"
        },
        {
            "Description": "fibroblast growth factor 1 ",
            "id": "ENSG00000113578",
            "label": "FGF1"
        },
        {
            "Description": "CWC22 spliceosome associated protein homolog ",
            "id": "ENSG00000163510",
            "label": "CWC22"
        },
        {
            "Description": "HAUS augmin like complex subunit 6 ",
            "id": "ENSG00000147874",
            "label": "HAUS6"
        },
        {
            "Description": "syntaxin binding protein 3 ",
            "id": "ENSG00000116266",
            "label": "STXBP3"
        },
        {
            "Description": "sorting nexin 6 ",
            "id": "ENSG00000129515",
            "label": "SNX6"
        },
        {
            "Description": "collagen type IX alpha 1 chain ",
            "id": "ENSG00000112280",
            "label": "COL9A1"
        },
        {
            "Description": "SLC9A3 regulator 2 ",
            "id": "ENSG00000065054",
            "label": "SLC9A3R2"
        },
        {
            "Description": "inhibitor of nuclear factor kappa B kinase subunit beta ",
            "id": "ENSG00000104365",
            "label": "IKBKB"
        },
        {
            "Description": "striatin ",
            "id": "ENSG00000115808",
            "label": "STRN"
        },
        {
            "Description": "microtubule affinity regulating kinase 3 ",
            "id": "ENSG00000075413",
            "label": "MARK3"
        },
        {
            "Description": "protein kinase C and casein kinase substrate in neurons 3 ",
            "id": "ENSG00000165912",
            "label": "PACSIN3"
        },
        {
            "Description": "phosphatidylinositol binding clathrin assembly protein ",
            "id": "ENSG00000073921",
            "label": "PICALM"
        },
        {
            "Description": "PHD finger protein 10 ",
            "id": "ENSG00000130024",
            "label": "PHF10"
        },
        {
            "Description": "delta like canonical Notch ligand 1 ",
            "id": "ENSG00000198719",
            "label": "DLL1"
        },
        {
            "Description": "cyclin dependent kinase inhibitor 1C ",
            "id": "ENSG00000129757",
            "label": "CDKN1C"
        },
        {
            "Description": "influenza virus NS1A binding protein ",
            "id": "ENSG00000116679",
            "label": "IVNS1ABP"
        },
        {
            "Description": "transforming growth factor beta 1 induced transcript 1 ",
            "id": "ENSG00000140682",
            "label": "TGFB1I1"
        },
        {
            "Description": "transcription factor EB ",
            "id": "ENSG00000112561",
            "label": "TFEB"
        },
        {
            "Description": "zinc finger and SCAN domain containing 30 ",
            "id": "ENSG00000186814",
            "label": "ZSCAN30"
        },
        {
            "Description": "CNKSR family member 3 ",
            "id": "ENSG00000153721",
            "label": "CNKSR3"
        },
        {
            "Description": "family with sequence similarity 222 member A ",
            "id": "ENSG00000139438",
            "label": "FAM222A"
        },
        {
            "Description": "galactose-3-O-sulfotransferase 1 ",
            "id": "ENSG00000128242",
            "label": "GAL3ST1"
        },
        {
            "Description": "DNA polymerase gamma 2, accessory subunit ",
            "id": "ENSG00000256525",
            "label": "POLG2"
        },
        {
            "Description": "annexin A11 ",
            "id": "ENSG00000122359",
            "label": "ANXA11"
        },
        {
            "Description": "interferon induced protein with tetratricopeptide repeats 2 ",
            "id": "ENSG00000119922",
            "label": "IFIT2"
        },
        {
            "Description": "collagen beta(1-O)galactosyltransferase 2 ",
            "id": "ENSG00000198756",
            "label": "COLGALT2"
        },
        {
            "Description": "RAP1A, member of RAS oncogene family ",
            "id": "ENSG00000116473",
            "label": "RAP1A"
        },
        {
            "Description": "CASC3, exon junction complex subunit ",
            "id": "ENSG00000108349",
            "label": "CASC3"
        },
        {
            "Description": "chromatin target of PRMT1 ",
            "id": "ENSG00000160679",
            "label": "CHTOP"
        },
        {
            "Description": "G protein subunit gamma 7 ",
            "id": "ENSG00000176533",
            "label": "GNG7"
        },
        {
            "Description": "phospholipid phosphatase related 1 ",
            "id": "ENSG00000276539",
            "label": "PLPPR1"
        },
        {
            "Description": "nuclear cap binding subunit 3 ",
            "id": "ENSG00000074356",
            "label": "NCBP3"
        },
        {
            "Description": "claudin domain containing 1 ",
            "id": "ENSG00000080822",
            "label": "CLDND1"
        },
        {
            "Description": "filamin B ",
            "id": "ENSG00000136068",
            "label": "FLNB"
        },
        {
            "Description": "filamin C ",
            "id": "ENSG00000128591",
            "label": "FLNC"
        },
        {
            "Description": "fibroblast growth factor receptor 2 ",
            "id": "ENSG00000066468",
            "label": "FGFR2"
        },
        {
            "Description": "G protein signaling modulator 2 ",
            "id": "ENSG00000121957",
            "label": "GPSM2"
        },
        {
            "Description": "microtubule associated protein RP/EB family member 1 ",
            "id": "ENSG00000101367",
            "label": "MAPRE1"
        },
        {
            "Description": "microtubule associated protein 7 ",
            "id": "ENSG00000135525",
            "label": "MAP7"
        },
        {
            "Description": "nuclear transcription factor Y subunit alpha ",
            "id": "ENSG00000001167",
            "label": "NFYA"
        },
        {
            "Description": "HOP homeobox ",
            "id": "ENSG00000171476",
            "label": "HOPX"
        },
        {
            "Description": "DNA polymerase alpha 1, catalytic subunit ",
            "id": "ENSG00000101868",
            "label": "POLA1"
        },
        {
            "Description": "Sep (O-phosphoserine) tRNA:Sec (selenocysteine) tRNA synthase ",
            "id": "ENSG00000109618",
            "label": "SEPSECS"
        },
        {
            "Description": "transcription factor 12 ",
            "id": "ENSG00000140262",
            "label": "TCF12"
        },
        {
            "Description": "unc-119 lipid binding chaperone B ",
            "id": "ENSG00000175970",
            "label": "UNC119B"
        },
        {
            "Description": "notch 1 ",
            "id": "ENSG00000148400",
            "label": "NOTCH1"
        },
        {
            "Description": "kinesin family member 13B ",
            "id": "ENSG00000197892",
            "label": "KIF13B"
        },
        {
            "Description": "discs large MAGUK scaffold protein 1 ",
            "id": "ENSG00000075711",
            "label": "DLG1"
        },
        {
            "Description": "mitogen-activated protein kinase kinase kinase kinase 4 ",
            "id": "ENSG00000071054",
            "label": "MAP4K4"
        },
        {
            "Description": "fibroblast growth factor receptor substrate 2 ",
            "id": "ENSG00000166225",
            "label": "FRS2"
        },
        {
            "Description": "epsin 2 ",
            "id": "ENSG00000072134",
            "label": "EPN2"
        },
        {
            "Description": "huntingtin interacting protein 1 ",
            "id": "ENSG00000127946",
            "label": "HIP1"
        },
        {
            "Description": "homeodomain interacting protein kinase 2 ",
            "id": "ENSG00000064393",
            "label": "HIPK2"
        },
        {
            "Description": "quinoid dihydropteridine reductase ",
            "id": "ENSG00000151552",
            "label": "QDPR"
        },
        {
            "Description": "cilia and flagella associated protein 97 ",
            "id": "ENSG00000164323",
            "label": "CFAP97"
        },
        {
            "Description": "scribbled planar cell polarity protein ",
            "id": "ENSG00000180900",
            "label": "SCRIB"
        },
        {
            "Description": "cell cycle regulator of NHEJ ",
            "id": "ENSG00000122783",
            "label": "CYREN"
        },
        {
            "Description": "HEAT repeat containing 5A ",
            "id": "ENSG00000129493",
            "label": "HEATR5A"
        },
        {
            "Description": "integrin subunit alpha 2 ",
            "id": "ENSG00000164171",
            "label": "ITGA2"
        },
        {
            "Description": "FRY like transcription coactivator ",
            "id": "ENSG00000075539",
            "label": "FRYL"
        },
        {
            "Description": "F-box and WD repeat domain containing 4 ",
            "id": "ENSG00000107829",
            "label": "FBXW4"
        },
        {
            "Description": "transcription elongation factor A1 ",
            "id": "ENSG00000187735",
            "label": "TCEA1"
        },
        {
            "Description": "low density lipoprotein receptor adaptor protein 1 ",
            "id": "ENSG00000157978",
            "label": "LDLRAP1"
        },
        {
            "Description": "WD repeat domain 20 ",
            "id": "ENSG00000140153",
            "label": "WDR20"
        },
        {
            "Description": "trafficking kinesin protein 2 ",
            "id": "ENSG00000115993",
            "label": "TRAK2"
        },
        {
            "Description": "protein kinase N1 ",
            "id": "ENSG00000123143",
            "label": "PKN1"
        },
        {
            "Description": "serum/glucocorticoid regulated kinase 1 ",
            "id": "ENSG00000118515",
            "label": "SGK1"
        },
        {
            "Description": "ras homolog family member G ",
            "id": "ENSG00000177105",
            "label": "RHOG"
        },
        {
            "Description": "semaphorin 4D ",
            "id": "ENSG00000187764",
            "label": "SEMA4D"
        },
        {
            "Description": "itchy E3 ubiquitin protein ligase ",
            "id": "ENSG00000078747",
            "label": "ITCH"
        },
        {
            "Description": "dynamin 2 ",
            "id": "ENSG00000079805",
            "label": "DNM2"
        },
        {
            "Description": "NK2 homeobox 2 ",
            "id": "ENSG00000125820",
            "label": "NKX2-2"
        },
        {
            "Description": "plexin B3 ",
            "id": "ENSG00000198753",
            "label": "PLXNB3"
        },
        {
            "Description": "protein tyrosine kinase 2 ",
            "id": "ENSG00000169398",
            "label": "PTK2"
        },
        {
            "Description": "leucine rich repeat containing 1 ",
            "id": "ENSG00000137269",
            "label": "LRRC1"
        },
        {
            "Description": "deltex E3 ubiquitin ligase 2 ",
            "id": "ENSG00000091073",
            "label": "DTX2"
        },
        {
            "Description": "sortilin 1 ",
            "id": "ENSG00000134243",
            "label": "SORT1"
        },
        {
            "Description": "intestinal cell kinase ",
            "id": "ENSG00000112144",
            "label": "ICK"
        },
        {
            "Description": "fibrillin 3 ",
            "id": "ENSG00000142449",
            "label": "FBN3"
        },
        {
            "Description": "synaptojanin 2 ",
            "id": "ENSG00000078269",
            "label": "SYNJ2"
        },
        {
            "Description": "Janus kinase 2 ",
            "id": "ENSG00000096968",
            "label": "JAK2"
        },
        {
            "Description": "lysine demethylase 6A ",
            "id": "ENSG00000147050",
            "label": "KDM6A"
        },
        {
            "Description": "RNA binding motif protein 17 ",
            "id": "ENSG00000134453",
            "label": "RBM17"
        },
        {
            "Description": "formin binding protein 1 ",
            "id": "ENSG00000187239",
            "label": "FNBP1"
        },
        {
            "Description": "chromodomain helicase DNA binding protein 7 ",
            "id": "ENSG00000171316",
            "label": "CHD7"
        },
        {
            "Description": "myelin basic protein ",
            "id": "ENSG00000197971",
            "label": "MBP"
        },
        {
            "Description": "tight junction associated protein 1 ",
            "id": "ENSG00000137221",
            "label": "TJAP1"
        },
        {
            "Description": "cadherin 1 ",
            "id": "ENSG00000039068",
            "label": "CDH1"
        },
        {
            "Description": "centriolar coiled-coil protein 110 ",
            "id": "ENSG00000103540",
            "label": "CCP110"
        },
        {
            "Description": "heat shock protein family A (Hsp70) member 2 ",
            "id": "ENSG00000126803",
            "label": "HSPA2"
        },
        {
            "Description": "serine and arginine rich splicing factor 4 ",
            "id": "ENSG00000116350",
            "label": "SRSF4"
        },
        {
            "Description": "GRB2 associated binding protein 1 ",
            "id": "ENSG00000109458",
            "label": "GAB1"
        },
        {
            "Description": "ubiquitin specific peptidase 24 ",
            "id": "ENSG00000162402",
            "label": "USP24"
        },
        {
            "Description": "cyclin dependent kinase 18 ",
            "id": "ENSG00000117266",
            "label": "CDK18"
        },
        {
            "Description": "histone deacetylase 11 ",
            "id": "ENSG00000163517",
            "label": "HDAC11"
        },
        {
            "Description": "cyclin Pas1/PHO80 domain containing 1 ",
            "id": "ENSG00000115649",
            "label": "CNPPD1"
        },
        {
            "Description": "DEAD-box helicase 3 X-linked ",
            "id": "ENSG00000215301",
            "label": "DDX3X"
        },
        {
            "Description": "RHO family interacting cell polarization regulator 2 ",
            "id": "ENSG00000111913",
            "label": "RIPOR2"
        },
        {
            "Description": "ADP ribosylation factor interacting protein 1 ",
            "id": "ENSG00000164144",
            "label": "ARFIP1"
        },
        {
            "Description": "N-myc downstream regulated 1 ",
            "id": "ENSG00000104419",
            "label": "NDRG1"
        },
        {
            "Description": "forkhead box O4 ",
            "id": "ENSG00000184481",
            "label": "FOXO4"
        },
        {
            "Description": "G protein subunit alpha 13 ",
            "id": "ENSG00000120063",
            "label": "GNA13"
        },
        {
            "Description": "syntaxin 10 ",
            "id": "ENSG00000104915",
            "label": "STX10"
        },
        {
            "Description": "cyclin D binding myb like transcription factor 1 ",
            "id": "ENSG00000135164",
            "label": "DMTF1"
        },
        {
            "Description": "nicastrin ",
            "id": "ENSG00000162736",
            "label": "NCSTN"
        },
        {
            "Description": "cyclin dependent kinase 6 ",
            "id": "ENSG00000105810",
            "label": "CDK6"
        },
        {
            "Description": "vesicle associated membrane protein 3 ",
            "id": "ENSG00000049245",
            "label": "VAMP3"
        },
        {
            "Description": "WD repeat domain 59 ",
            "id": "ENSG00000103091",
            "label": "WDR59"
        },
        {
            "Description": "arylformamidase ",
            "id": "ENSG00000183077",
            "label": "AFMID"
        },
        {
            "Description": "cyclin and CBS domain divalent metal cation transport mediator 3 ",
            "id": "ENSG00000168763",
            "label": "CNNM3"
        },
        {
            "Description": "SWI/SNF related, matrix associated, actin dependent regulator of chromatin subfamily c member 1 ",
            "id": "ENSG00000173473",
            "label": "SMARCC1"
        },
        {
            "Description": "RNA binding motif protein 22 ",
            "id": "ENSG00000086589",
            "label": "RBM22"
        },
        {
            "Description": "HAUS augmin like complex subunit 3 ",
            "id": "ENSG00000214367",
            "label": "HAUS3"
        },
        {
            "Description": "sorting nexin 1 ",
            "id": "ENSG00000028528",
            "label": "SNX1"
        },
        {
            "Description": "collagen type IX alpha 3 chain ",
            "id": "ENSG00000092758",
            "label": "COL9A3"
        },
        {
            "Description": "protein kinase C theta ",
            "id": "ENSG00000065675",
            "label": "PRKCQ"
        },
        {
            "Description": "cortactin binding protein 2 ",
            "id": "ENSG00000077063",
            "label": "CTTNBP2"
        },
        {
            "Description": "cordon-bleu WH2 repeat protein ",
            "id": "ENSG00000106078",
            "label": "COBL"
        },
        {
            "Description": "calcineurin like phosphoesterase domain containing 1 ",
            "id": "ENSG00000103381",
            "label": "CPPED1"
        },
        {
            "Description": "ADAM metallopeptidase domain 10 ",
            "id": "ENSG00000137845",
            "label": "ADAM10"
        },
        {
            "Description": "phosphoribosyl pyrophosphate synthetase associated protein 2 ",
            "id": "ENSG00000141127",
            "label": "PRPSAP2"
        },
        {
            "Description": "melanogenesis associated transcription factor ",
            "id": "ENSG00000187098",
            "label": "MITF"
        },
        {
            "Description": "retinoic acid induced 14 ",
            "id": "ENSG00000039560",
            "label": "RAI14"
        },
        {
            "Description": "zinc finger protein 397 ",
            "id": "ENSG00000186812",
            "label": "ZNF397"
        },
        {
            "Description": "disco interacting protein 2 homolog B ",
            "id": "ENSG00000066084",
            "label": "DIP2B"
        },
        {
            "Description": "Meis homeobox 1 ",
            "id": "ENSG00000143995",
            "label": "MEIS1"
        },
        {
            "Description": "leucine rich repeats and immunoglobulin like domains 3 ",
            "id": "ENSG00000139263",
            "label": "LRIG3"
        },
        {
            "Description": "annexin A3 ",
            "id": "ENSG00000138772",
            "label": "ANXA3"
        },
        {
            "Description": "interferon induced protein with tetratricopeptide repeats 3 ",
            "id": "ENSG00000119917",
            "label": "IFIT3"
        },
        {
            "Description": "collagen type IV alpha 5 chain ",
            "id": "ENSG00000188153",
            "label": "COL4A5"
        },
        {
            "Description": "heart development protein with EGF like domains 1 ",
            "id": "ENSG00000173706",
            "label": "HEG1"
        },
        {
            "Description": "DExD-box helicase 39A ",
            "id": "ENSG00000123136",
            "label": "DDX39A"
        },
        {
            "Description": "G protein subunit alpha i1 ",
            "id": "ENSG00000127955",
            "label": "GNAI1"
        },
        {
            "Description": "huntingtin interacting protein 1 related ",
            "id": "ENSG00000130787",
            "label": "HIP1R"
        },
        {
            "Description": "radixin ",
            "id": "ENSG00000137710",
            "label": "RDX"
        },
        {
            "Description": "golgin A7 ",
            "id": "ENSG00000147533",
            "label": "GOLGA7"
        },
        {
            "Description": "cystic fibrosis transmembrane conductance regulator ",
            "id": "ENSG00000001626",
            "label": "CFTR"
        },
        {
            "Description": "sorting nexin 22 ",
            "id": "ENSG00000157734",
            "label": "SNX22"
        },
        {
            "Description": "nuclear mitotic apparatus protein 1 ",
            "id": "ENSG00000137497",
            "label": "NUMA1"
        },
        {
            "Description": "CAP-Gly domain containing linker protein family member 4 ",
            "id": "ENSG00000115295",
            "label": "CLIP4"
        },
        {
            "Description": "protein phosphatase 4 regulatory subunit 1 ",
            "id": "ENSG00000154845",
            "label": "PPP4R1"
        },
        {
            "Description": "chromatin accessibility complex subunit 1 ",
            "id": "ENSG00000104472",
            "label": "CHRAC1"
        },
        {
            "Description": "mindbomb E3 ubiquitin protein ligase 1 ",
            "id": "ENSG00000101752",
            "label": "MIB1"
        },
        {
            "Description": "integrator complex subunit 13 ",
            "id": "ENSG00000064102",
            "label": "INTS13"
        },
        {
            "Description": "minichromosome maintenance complex component 7 ",
            "id": "ENSG00000166508",
            "label": "MCM7"
        },
        {
            "Description": "inhibitor of DNA binding 1, HLH protein ",
            "id": "ENSG00000125968",
            "label": "ID1"
        },
        {
            "Description": "WNK lysine deficient protein kinase 1 ",
            "id": "ENSG00000060237",
            "label": "WNK1"
        },
        {
            "Description": "ADP ribosylation factor like GTPase 3 ",
            "id": "ENSG00000138175",
            "label": "ARL3"
        },
        {
            "Description": "mitogen-activated protein kinase 12 ",
            "id": "ENSG00000188130",
            "label": "MAPK12"
        },
        {
            "Description": "ankyrin repeat domain 13A ",
            "id": "ENSG00000076513",
            "label": "ANKRD13A"
        },
        {
            "Description": "anaphase promoting complex subunit 5 ",
            "id": "ENSG00000089053",
            "label": "ANAPC5"
        },
        {
            "Description": "Rho guanine nucleotide exchange factor 40 ",
            "id": "ENSG00000165801",
            "label": "ARHGEF40"
        },
        {
            "Description": "PH domain and leucine rich repeat protein phosphatase 1 ",
            "id": "ENSG00000081913",
            "label": "PHLPP1"
        },
        {
            "Description": "muskelin 1 ",
            "id": "ENSG00000128585",
            "label": "MKLN1"
        },
        {
            "Description": "kinesin family member 6 ",
            "id": "ENSG00000164627",
            "label": "KIF6"
        },
        {
            "Description": "arginine and serine rich protein 1 ",
            "id": "ENSG00000117616",
            "label": "RSRP1"
        },
        {
            "Description": "KIAA0930 ",
            "id": "ENSG00000100364",
            "label": "KIAA0930"
        },
        {
            "Description": "phosducin like ",
            "id": "ENSG00000136940",
            "label": "PDCL"
        },
        {
            "Description": "IWS1, SUPT6H interacting protein ",
            "id": "ENSG00000163166",
            "label": "IWS1"
        },
        {
            "Description": "LDL receptor related protein 2 ",
            "id": "ENSG00000081479",
            "label": "LRP2"
        },
        {
            "Description": "kinesin family member 5B ",
            "id": "ENSG00000170759",
            "label": "KIF5B"
        },
        {
            "Description": "RPTOR independent companion of MTOR complex 2 ",
            "id": "ENSG00000164327",
            "label": "RICTOR"
        },
        {
            "Description": "dedicator of cytokinesis 1 ",
            "id": "ENSG00000150760",
            "label": "DOCK1"
        },
        {
            "Description": "plexin B1 ",
            "id": "ENSG00000164050",
            "label": "PLXNB1"
        },
        {
            "Description": "WD repeat and SOCS box containing 1 ",
            "id": "ENSG00000109046",
            "label": "WSB1"
        },
        {
            "Description": "pleckstrin homology, MyTH4 and FERM domain containing H2 ",
            "id": "ENSG00000152527",
            "label": "PLEKHH2"
        },
        {
            "Description": "mitogen-activated protein kinase kinase kinase 1 ",
            "id": "ENSG00000095015",
            "label": "MAP3K1"
        },
        {
            "Description": "oligodendrocyte transcription factor 2 ",
            "id": "ENSG00000205927",
            "label": "OLIG2"
        },
        {
            "Description": "fascin actin-bundling protein 1 ",
            "id": "ENSG00000075618",
            "label": "FSCN1"
        },
        {
            "Description": "embryonal Fyn-associated substrate ",
            "id": "ENSG00000100842",
            "label": "EFS"
        },
        {
            "Description": "bridging integrator 1 ",
            "id": "ENSG00000136717",
            "label": "BIN1"
        },
        {
            "Description": "erb-b2 receptor tyrosine kinase 3 ",
            "id": "ENSG00000065361",
            "label": "ERBB3"
        },
        {
            "Description": "nerve growth factor receptor ",
            "id": "ENSG00000064300",
            "label": "NGFR"
        },
        {
            "Description": "synaptojanin 2 binding protein ",
            "id": "ENSG00000213463",
            "label": "SYNJ2BP"
        },
        {
            "Description": "protein phosphatase 2 regulatory subunit B'alpha ",
            "id": "ENSG00000066027",
            "label": "PPP2R5A"
        },
        {
            "Description": "zinc finger protein 281 ",
            "id": "ENSG00000162702",
            "label": "ZNF281"
        },
        {
            "Description": "spectrin beta, non-erythrocytic 1 ",
            "id": "ENSG00000115306",
            "label": "SPTBN1"
        },
        {
            "Description": "splicing factor 1 ",
            "id": "ENSG00000168066",
            "label": "SF1"
        },
        {
            "Description": "myosin IE ",
            "id": "ENSG00000157483",
            "label": "MYO1E"
        },
        {
            "Description": "platelet derived growth factor receptor beta ",
            "id": "ENSG00000113721",
            "label": "PDGFRB"
        },
        {
            "Description": "sirtuin 2 ",
            "id": "ENSG00000068903",
            "label": "SIRT2"
        },
        {
            "Description": "CAP-Gly domain containing linker protein 2 ",
            "id": "ENSG00000106665",
            "label": "CLIP2"
        },
        {
            "Description": "NFKB inhibitor beta ",
            "id": "ENSG00000104825",
            "label": "NFKBIB"
        },
        {
            "Description": "centrosomal protein 97 ",
            "id": "ENSG00000182504",
            "label": "CEP97"
        },
        {
            "Description": "mitogen-activated protein kinase kinase kinase 3 ",
            "id": "ENSG00000198909",
            "label": "MAP3K3"
        },
        {
            "Description": "TNF receptor associated factor 1 ",
            "id": "ENSG00000056558",
            "label": "TRAF1"
        },
        {
            "Description": "Rho guanine nucleotide exchange factor 1 ",
            "id": "ENSG00000076928",
            "label": "ARHGEF1"
        },
        {
            "Description": "splicing factor proline and glutamine rich ",
            "id": "ENSG00000116560",
            "label": "SFPQ"
        },
        {
            "Description": "MDM2 proto-oncogene ",
            "id": "ENSG00000135679",
            "label": "MDM2"
        },
        {
            "Description": "synaptotagmin binding cytoplasmic RNA interacting protein ",
            "id": "ENSG00000135316",
            "label": "SYNCRIP"
        },
        {
            "Description": "dysferlin ",
            "id": "ENSG00000135636",
            "label": "DYSF"
        },
        {
            "Description": "SOS Ras/Rho guanine nucleotide exchange factor 2 ",
            "id": "ENSG00000100485",
            "label": "SOS2"
        },
        {
            "Description": "inositol polyphosphate phosphatase like 1 ",
            "id": "ENSG00000165458",
            "label": "INPPL1"
        },
        {
            "Description": "mitogen-activated protein kinase kinase kinase 11 ",
            "id": "ENSG00000173327",
            "label": "MAP3K11"
        },
        {
            "Description": "microtubule associated protein 4 ",
            "id": "ENSG00000047849",
            "label": "MAP4"
        }
    ]
}